amstrong|amstrong|amstrong|amstrong|amstrong
amstrong|amstrong|amstrong|amstrong|amstrong
amstrong|amstrong|amstrong|amstrong|amstrong
amstrong|amstrong|amstrong|amstrong|amstrong
li_moon.1|1 inlägg|43 följer|8 563 följare|#####
marat_kalkamanovich|354 inlägg|368|691|Марат Спрашивайте) Я расскажу.
krisbashlaeva|98 inlägg|850|6 218|#####
blog.targetologa_|43 inlägg|205|345|Джалил Магомедов Специалист по рекламе в Instagram👨🏻‍💻 ⠀ Приношу прибыль своим клиентам💰 О маркетинге в Instagram от А до Я📊 ⠀ Зарабатываю онлайн и тебя научу👌🏻 taplink.cc/blog.targetologa_
kamilsemenovv|30 inlägg|61|295|"Камил|Нестандартный Кавказец Обучаюсь SMM и помогу тебе👨🏻‍💻 Поделюсь секретами продуктивности📈 Бросил универ⚔️  Цели: освоить SMM и выйти в доход 40000 руб/мес.￼ Смотри ⬇️"
rasulshaipov|2 inlägg|97 följer|155 följare|#####
baranovart_|16 inlägg|16|1 097|#####
surieff|14 inlägg|216|411|"Умар | Продвижение | Таргет | Связался с аферистами🕵🏻‍♂️ И теперь ухожу из бурения на фриланс🏂    Смотри «ПУТЬ»⏬"
nasiba_sophia|19 inlägg|315|635|nasiba_sophia
popopooid|7 inlägg|196|200|"Медина|Реллигия и жизнь🌙 Расскажу и покажу о жизни мусульманки в хиджабе🌺 Все самое интересное в сториз🍃 📍Bishkek, Kyrgystan🇰🇬"
s_mansoooorr|10 inlägg|63|95|Мансур - человек-дизайн 🔥 Заработал 100+ тыс на сайтах 🔥 Сайт не волшебная таблетка, но как минимум её 50%, а мой так все 80% 🔥 Расскажу как не сдаться и достигнуть желаемого
samadi_3502|16 inlägg|335 följer|369 följare|#####
s.guseynov17|13 inlägg|124|241|👑§āđåýğųšĕýņøv👑 Вам не осилить моё безразличие🥀 vk.com/saday3
lay.la._._|1 inlägg|570|96|#####
tazbaev_zelimhan|2 inlägg|1 167|2 648|#####
nikolaev_es|1 inlägg|139|571|Nikolayev Yegor💥
alisher_l7|6 inlägg|344|305|Alisher 🇩🇪 🇮🇸 🇺🇳 🇺🇲 Петешевсвие Ищущий знание Любитель читать
kondalova64|250 inlägg|1 238 följer|1 069 följare|#####
maxatbekov_08|0 inlägg|160 följer|127 följare|#####
_a_zorro_95|12 inlägg|131|586|Nohcho ☪ Moscow ~ Chechen Republic 🇷🇺 f3.cool/ars555
martanhoevsky|7 inlägg|725|4 153|#####
akzhan.bolatkanova|37 inlägg|150|453|АКЖАН БОЛАТКАНОВА • Мама с 2019 года #мамаАкжан • Вещаю английский:#EnglishAkzhan • Видеограф 🎥
z.barakash|0 inlägg|980 följer|32 följare|#####
a.aishee|14 inlägg|25|544|#####
alsu.freelance|61 inlägg|324|1 291|"SMM | ОБУЧЕНИЕ | ФРИЛАНС 💫𝘼𝙡𝙨𝙪 𝘼𝙨𝙖𝙞𝙣𝙤𝙫𝙖💫 🏅Эксперт по заработку в 𝙄𝙣𝙨𝙩𝙖𝙜𝙧𝙖𝙢 🔝𝙎𝙈𝙈-специалист 🏆Партнёр онлайн школы 💰Научу зарабатывать с 0 За подписку разбор аккаунта🎁 Пиши⬇️ taplink.cc/alsuu.smm"
salikhovv_r|1 inlägg|34|523|пише
vremenniy0095|1 inlägg|122|115|Рожденный умереть!
viktornavostokov|85 inlägg|971|337|#####
amirhan.kurazov|6 inlägg|543|4 551|#####
abubakarov155|177 inlägg|1 161|5 394|#####
sarina.aizhan|22 inlägg|580|691|#####
zhanarys_esibai|1 inlägg|467|3 263|Zhanarys волк Таргета 🐺 С 14 лет занимался ставками , потерял около 200 тысяч рублей 😱 Сейчас качаю свой ЛБ показываю свою экспертность в таргете 🔥
nurma299|0 inlägg|265|85|Inga inlägg ännu
galina_salinder_89|1 inlägg|196 följer|195 följare|#####
h.blogist|45 inlägg|322|806|Стамбул моими глазами 🇹🇷 ⌨️Блог как хобби 🕌Монотеист 🌉Живу в столице трёх Империй 📝Пишу о разном 🗺Любитель путешествовать vm.tiktok.com/ZMJMM7LgP
dirasulovaa|45 inlägg|87 följer|70 följare|#####
alexander.golyakov|16 inlägg|36|238|Маркетингом на абордаж! ⚓️ Рассказываю о маркетинге и Исламе! ⠀ Запускаю бизнес на айфонах с нуля. Кинули на 90к 💵 теперь выкручиваюсь! ⠀ Смотри мои сторис!Подписывайся! 👇👇👇 taplink.cc/alexander.golyakov
muslimka_girl|295 inlägg|128|45|Welcome to my account!😊 💐✨🌹Картинки,личные фотографии 💓💕♥️Хадисы, аяты,дуа 🔥💯💪Мотивация, цитаты 🤔✍️🔭 maybe мысли, размышления
zhansayam_soul|42 inlägg|589|1 315|#####
as_953|24 inlägg|142|301|Алиев Аслан Небо тогда будет расколото, и обещание Его непременно исполнится. Коран — 73:18✨
turgunboyev86|15 inlägg|75|432|СЭНСЭЙ ПРОДАЖ ⠀ Заработал на продажах в июле 300К за 10 дней ⠀ Цель поднять 3🍋 в онлайн за 5 мес. ⠀ Обучаю онлайн заработку Делюсь знаниями в постах и сторис
_yaaisha_|7 inlägg|73|28|follow your dream Давно бросила мечту из за неуверенности в себе. Жалею... ⠀ Но Я докажу тебе, что начинать никогда не поздно!) ⠀ Стань свидетелем достижения мечты❤️
azamat_kasimov_|5 inlägg|44|259|"𝓐𝔃𝓪𝓶𝓪𝓽| Berlin глазами Муслима 💭Блог о саморазвитии с нуля 📹В Strories творится ТОП↖️"
leonid_anat|13 inlägg|110|299|"Леонид | Графический дизайнер Вещаю про фриланс с Чеб🕊 Создаю дизайн для презентаций, инфопродуктов, креативов... ⠀ Портфолио в актуальном - РАБОТЫ🚀 Пишите, обсудим вашу задачу💌"
1kosmi|25 inlägg|47|3 011|КОСМЕТОЛОГ ▫️ ЭСТЕТИСТ 🔥Интересное в СТОРИС Подробнее о процедурах в ПОСТАХ 💭  ✨Советы по уходу - онлайн ✨ЭФФЕКТИВНОСТЬ НА 💯 ✨Бесплатная консультация  (Wh) - 89996930898
budachev74|648 inlägg|295|274|Евгений Будачёв 🎯Меняю свою жизнь к лучшему, помогаю измениться другим. 💪Христианин, живу по Библии. ⛔Прекратил употреблять алкоголь вообще.
b_ashirbayev|7 inlägg|95|139|Бека Незная дна не суйся в воду, храни друзей цени свободу✨
khalid_kaimov|36 inlägg|75|24,8t|𝕂𝕙𝕒𝕝𝕚𝕕 𝕂𝕒𝕚𝕞𝕠𝕧 ༺ 𝔹𝕖𝕣𝕤 𝕛𝕛 ༻
dozzalla_1|0 inlägg|175 följer|48 följare|#####
_mountain_man_5|102 inlägg|5 139|349|#####
abdullaevv22|50 inlägg|1 124|271|#####
damir.seilkhanovv|9 inlägg|59 följer|1 595 följare|#####
abdusamad.kh|59 inlägg|756|582|#####
01_sultan_bey_01|0 inlägg|53 följer|138 följare|#####
imanaell|11 inlägg|198|486|Имана Эль Добро пожаловать в мой мир🍋
rashidbamathanov1|6 inlägg|107|159|RASHID 🗯Кто я через 5 лет? 🗯Как прокачать личный блог? . ⬇️подпишись и следи💬
ibragimm_ibragimovv|2 inlägg|178|198|Среди людей тоже одиноко.
halal_meat73|108 inlägg|138|764|Халяль Мясо в Ульяновске 🌿 Магазин свежего мяса КРС и птицы. ⏰ Пн-Вс 10.00-18.00 👩‍🌾Собственное производство п\ф ☎️ Лен.комсомола 1а, павильон, тер-ия мечети Ихсан halal073.ru
sofiya_denisovna11|2 inlägg|5|169|#####
greenway_peace|1 inlägg|158|107|Загафранова Флуза
dimka.rudenko|1 inlägg|132|480|"ДИМА | Бегущий личнобрендолог Блог—моя жизнь, про мои изменения, каждый день живу в роли автора"
autodeler|337 inlägg|2 863|1 344|#####
al_malikul_mulk|35 inlägg|161|143|Читай 📖Читайте, размышляйте , заучивайте суры и Коран заступится за вас в День Суда!
happymamik|1 005 inlägg|1 078|560|#####
muvahhid.tj|574 inlägg|378|256|Abu Muhammad إِنَّ الدِّينَ عِنْدَ اللَّهِ الْإِسْلَامُ ۗ Воистину, религией у Аллаха является ИСЛАМ: единобожие и искреннее повиновение Аллаху [Quran 3:19]
pilgrim.01|72 inlägg|135|137|Jahongir Он создал семь небес одно над другим. В творении Милостивого ты не увидишь никакой несообразности. Взгляни еще раз. Видишь ли ты какую-нибудь трещину?
mda_a_b|50 inlägg|367 följer|415 följare|#####
kama_ibragimov|2 inlägg|236|257|"cmapuНa Ибрагимович | 👨🏻‍💻 ⠀ Отчислился из военки ради лучшей жизни🔑 ⠀ Намерен открыть бизнес🎯 ⠀ Докажу что каждый может стать каждым👤 ⠀ Транслирую жизненный путь в STORIES⬇️ t.me/kamilbragimov"
azizanavr|23 inlägg|89 följer|176 följare|#####
atomic___s|6 inlägg|6|11|#####
farrukmuminov|29 inlägg|238|391|Farrukh БЕГУ к свободной жизни  Путь к идеалу⬇⬇👀stories
khasan.karachay|7 inlägg|60 följer|542 följare|#####
borodatyi96|137 inlägg|71|72|Prosto Shamil' 💻Самоуверенный СММщик  Поменял более 9-ти работ и ушёл в онлайн Заработал грыжу работая грузчиком  Помогу твоему бизнесу выйти на новый уровень
_umm_hadija_|2 247 inlägg|378|83,1t|𝓤𝓶𝓶 𝓗𝓪𝓭𝓲𝓳𝓪 ༻ ФОТО 𝐀𝐌𝐀𝐍𝐀𝐓 ༺ • Россия • г Хасавюрт •  Для заказа 🛍𝙵𝚘𝚛 𝚘𝚛𝚍𝚎𝚛 wa.me/79882750646
bazilio96|181 inlägg|587|294|#####
daniil_tarasow|5 inlägg|9|1 064|#####
yman.gaming|0 inlägg|0 följer|62|#####
nikoborn|101 inlägg|635|6 383|#####
tsvetkooooov|125 inlägg|149|3 423|ФУТБОЛИСТ ТРУДЯГА ⚽ Сᴀня Цʙᴇᴛ ПОКАЗЫВАЮ ПУТЬ В ПРОФИ  💪 Строю идеальное тело, режим и питание 📝 Чтоб подписать #контрактза1001день  Стань профессионалом со мной 🎯 Подпишись 👇 t.me/sanya_tsvet
yakhya.dzhambekov|1 inlägg|392|5 795|ТВОРЮ НЕВОЗМОЖНОЕ Читаю 100 книг за год📚 Каждодневно применяю советы из книг 💡 Занимаюсь бегом 365 дней в году Веду ПП🍅 Живу здесь и сейчас 🙏 t.me/rost365
abubakrsakaev|21 inlägg|25|2 843|#####
ibragim2k|30 inlägg|187|354|"Ибрагим|Путь на вершину 📍Ломаю стереотип о нехватке времени ⠀ 📍Подъем в 5:00 ⠀ 📍Тренируюсь, бегаю и становлюсь лучше ⠀ 📍Нужна мотивация? Подписывайся и следи👇 www.youtube.com/watch?v=kfZXCqSs53M"
islam_getiev|23 inlägg|33|2 198|ИСЛАМ, ПРОСТО РАЗВИВАЮСЬ ⠀ Пропагандирую развитие📚 Открыл пончиковую там, где не знают что такое пончики @elli.donuts🍩 Изучаю финансовую грамотность📊
abuzar.batukaev|224 inlägg|800|11,9t|#####
shoma665|537 inlägg|108|22,7t|ПОСТАВЩИК ГОСУДАРСТВА Исполнил 36 госконтрактов на 22 000 000 ₽ Встаю в 5️⃣ утра уже 2 года ⠀ Смотри мои сторис ⭕️ taplink.cc/shoma665 Följs av makeev.blog och makeev.smm
roman.gizatulin|204 inlägg|487|587|"ВИДЕО СТИХИ | УФА ""Одарённый талантом писать, Загубил в голове безрассудность. Ещё ярче поэзия может блистать, Если в строки закладывать мудрость."" ©️ . no music ⬇️⬇️⬇️ youtu.be/laTOQmkLHGc"
m9ta_torr|3 inlägg|128|53|ещё NN ИГРАЛ 8+ ЧАСОВ КАЖДЫЙ ДЕНЬ ТЕПЕРЬ ДЕЛЮСЬ ОПЫТОМ ssM9TA77 🎥YT:m9ta PUBG MOBILE youtu.be/_Ib9z1b1ARk
dayma_dovlatova|0 inlägg|8|142|#####
k.kurbangajiev|14 inlägg|64|695|Курбан про онлайн бизнес Сделал бизнес на салфетках и заработал 130.000₽ ⠀ Расскажу как общаться с клиентами и делать 💸 ⠀ Дарю чек-лист по запуску онлайн-магазина за подписку
a.odinaevv|6 inlägg|557|913|#####
thatsroma|28 inlägg|116|470|"Рома | Личность в тумане 🌫 Жизнь - фотошоп, а я дизайнер,⁣⁣⠀ просто и красиво...⁣⁣⠀ ⁣⁣⠀ Ищу себя, занимаясь дизайном.⁣⁣ 👀Выхожу на заработок в сторис⁣⁣⠀ ⁣⁣⠀ 🚨Пиши, решим задачку"
anton.borulya|20 inlägg|605|832|#####
vova.friend|66 inlägg|267|790|УПРАВЛЯЮ ВРЕМЕНЕМ Стремлюсь к свободной жизни🦅 Создаю волонтерскую организацию.  Моя История в постах👇
mi.kharlamov|31 inlägg|254|234|МИХАИЛ🚀В РЕЖИМЕ ПРОДУКТИВНОСТИ ⠀ Познаю продуктивность в 16 лет 🤓 Развиваю проект @motiveposters Бегал по тексту глазами, а теперь выжимаю из 📚 максимум ⠀
ashkeldin|115 inlägg|151|2 852|Константин Ашкельдин
baevdmi|1 inlägg|188 följer|165 följare|#####
eskiev.aw|12 inlägg|227|263|Адам Эски Мысли вслух.. Продукция из 🇦🇪 🇹🇷 🇵🇰 @aromawood.pro 💼Резидент сообщества @gbc095 Связаться ⤵️⤵️⤵️ taplink.cc/aromawood.pro
marsel.ka__|2 inlägg|68|143|"Марсель| Личная эффективность РАЗВИВАЙСЯ со мной🚀 ▪️напишу текст твоей мечты ▪️тут извлекают пользу ▪️всё интересное в сторис🤫 ▪️дам советы по ЛБ"
kolyan_chernov|22 inlägg|240|312|СНИМАЮ КАК ДЖЕКИ ЧАН🥋 Велик - хобби Видеография - жизнь 📆 3 года опыт 📽️ Монтирую так, что не оторваться ⭐️ Развиваю видеопродакшн Хочешь искусно монтировать? 🔥 Подпишись 👇 nosokproduction.ru
davidishchenkoo|30 inlägg|374|3 070|ТОТ САМЫЙ ДАВА ✈️ 𝕮𝕽𝕺𝕾𝕾𝕱𝕴𝕿 𝕬𝕴𝕽𝕸𝕬𝕹 ⠀ •Живу нон–стоп без тормозов⏸ •Рискую, веселюсь, отдыхаю, делюсь фишками из авиации👌🏼 •В общем весело и с кайфом провожу время 🤘🏼
olegvolobuev1|0 inlägg|67|62|Inga inlägg ännu
manu_mahkamov|12 inlägg|131|311|Ману⚡ Бросаю себе вызов - 27кг за 5 месяцев? ▪️ Расскажу как набрать и скинуть вес🏋️ ▪️ Техника упражнений в сторис 🔘 ▪️ Польза в постах.🔲
kashapov.adell|19 inlägg|126|1 102|В 19 лет открыл фирму с оборотом 1 🍋 Вылез из долга 10 🍋 ⠀ 🕰 Работаю на Правительство РТ  ‼️ Эксперт в области «БАНКРОТСТВ» Пиши в DIRECT 📩
chupalaevislam|1 inlägg|45|172|ИСЛАМ, ТУТ МОЯ ИСТОРИЯ Учусь и строю бизнес 👇🏼 📍Владелец - @airshop.64 ⠀ Качаю дисциплину и внедряю в жизнь полезные привычки Делаю ежедневную зарядку с 12.05.19 - 505 дней
asuriur|51 inlägg|45 följer|3 följare|#####
assem_sulltan|81 inlägg|248|977|🇹🇷 ТУРЕЦКИЙ ЯЗЫК с ❤ ОНЛАЙН 💯Hayaller gerçek olmak içindir! 💙В своих снах вижу Стамбул 🇰🇿🇹🇷 KZ-TR ℹМоё первое интервью здесь⤵ azizaberghan.com/ya-sama-no-ya-ne-odna-asema-kz-g-karaganda.html
kamyshka__|889 inlägg|476|35,4t|Kamyshka ☪️ ❣Все интересное в Stories⚡ ❣Блог для души🛍 ❣ДОБРО ПОЖАЛОВАТЬ В МОЁ ПРОСТРАНСТВО❎  МОСКВА💰 vm.tiktok.com/ZSasetLp
mayorovitaly|6 inlägg|441|258|ВИТАЛИЙ⚡️ТАРГЕТ & МОБ.МОНТАЖ 🧬 генетический таргетолог 💈⁣⁣⁣⁣ вместо пар в универе - курсы 🥩 делаю мясо в stories ⁣ Цель: 10к в Instagram ⁣⁣⁣⁣⁣⁣ связь в 𝗗𝗶𝗿𝗲𝗰𝘁/𝗧𝗲𝗹𝗲𝗴𝗿𝗮𝗺 ↙️ t.me/ohmayorov
jonykilog|0 inlägg|2 följer|0 följare|#####
tag_gary|13 inlägg|142|120|Игорёк Дизайнер Будь идеальный - и тобой будут восхищаться Будь собой - и тебя будут любить ____________________________ 📦 По вопросам упаковки проекта 👉@logo__vo
umarlife|47 inlägg|96|226|"𝕌𝕄𝔸ℝlife | БОРОДАТЫЙ БЛОГЕР 📦Занимаюсь торговлей 🥦Худею на камеру 🍳Готовлю с нуля 📆Моменты из жизни 🕋Верующий 👥Семейный 🛒Мои проекты⤵️ @ihlas.shop | @ihlas.perfumes 🎞Ютуб⤵️ m.youtube.com/channel/UCwdUnwTKzJrA0RrJETjENVA"
rasulpashka01|40 inlägg|332|882|"Расул | ТАРГЕТ | МАРАФОНЫ Бегу от армии В таргет и марафоны... ⠀ 💪 Делюсь фишками личной эффективности @vimwely 🎯 Привожу клиентов с помощью таргета ⠀ Смотри сториз 👇"
dindar_tkv|3 inlägg|173 följer|48 följare|#####
minkailofficial|9 inlägg|119|456|Дневник мусульманина 🔥 Перепробовал кучу бизнес идей, без результата за 6 лет  Основатель: 🧢@baysangur_shop 🌀@sunnastore_official  💰 Цель заработать 1млн$ за 2.5 года
failkaaa|81 inlägg|86 följer|1 996 följare|#####
shokir.raxmonov|8 inlägg|77|457|ТАРГЕТОЛОГ В чужой стране иду к финансовой свободе  💵 Для этого вложил 50к в себя и развиваюсь в таргетинге  Научись вести блог и настраивать рекламу со мной
askhab_bovkaev|548 inlägg|970|12t|#####
armanduanbekov|39 inlägg|91 följer|3 449 följare|#####
uvictori|24 inlägg|117|345|ЛАЙФ ГЛАЗАМИ АРХИТЕКТОРА Студент и предприниматель в одном лице ⠀ От 200 подписчиков до 🍋 Секрет продуктивности в сторис
dilya.fit|12 inlägg|405|311|"Диля | ФИТНЕС-ТРЕНЕР Победила анорексию 👊 ⠀ ⠀ ⠀ Работаю фитнес - тренером⠀ ⠀ ⠀ ⠀ Помогу тебе создать тело мечты ➡️ Пиши в direct"
djurabayev__|10 inlägg|135|3 789|Из эмигранта в Предприниматели Без начального 💰 создал сеть в чужой стране🇷🇺 ⠀ Переборов комплексы и страхи, иду к своим целям🎯 ⠀ Кто я, смотри в актуальном👇🏿 Приму быстро 👌🏿
aza.ayapbergenov|9 inlägg|186|177|"Азамат|Таргет по-казахский ⠀ Таргетолог, которого вы заслужили ⠀ ⠀ Был интровертом, а стал... ⠀ ⠀ В сторис - естественность ⠀ ⠀ Для консультации профиля пиши в Direct👇🏽"
saidoshurov_17|7 inlägg|153|301|НЕ САИД, А СУРИК Бросил школу, но не перестал учиться📖 ⠀ Сломался из-за мнения других но начал с 0 Что будет дальше ? ⠀ Смотри сторис 👆
karkai058|2 inlägg|120|304|"Рамиль | Тот кто ремонтирует📱 Работаю на заводе. 🔩⚙️  Параллельно развиваю бизнес в сфере ремонтов телефонов и аксессуаров 📱⚒  Хочу открыть магазин техники @mobservice58"
zuninovv|87 inlägg|159|1 583|"ТАРГЕТ МОЗГ🧠 | Абдууали Возьму клиентов за ручки и проведу в твой бизнес ⠀ Не смотри мои сторисы👀, захочешь купить себе Mac🧑🏻‍💻 ⠀ Телеграм👇 t.me/AbduualiZuninov"mansur.blog|19 inlägg|123|369|################
mansur.blog|19 inlägg|123|369|################
sa1yu_|5 inlägg|176 följer|94 följare|################
1iamleader|9 inlägg|329|317|################
as_sodiqun|30 inlägg|452|453|################
kholzoda_ehson|19 inlägg|1|582|################
lida_meteor|130 inlägg|533|33,9t|################
lsu.freelance|76 inlägg|163|1 267|"SMM | ОБУЧЕНИЕ | ФРИЛАНС 💫𝘼𝙡𝙨𝙪 𝘼𝙨𝙖𝙞𝙣𝙤𝙫𝙖💫 🏅Эксперт по заработку в 𝙄𝙣𝙨𝙩𝙖𝙜𝙧𝙖𝙢 🔝𝙎𝙈𝙈-специалист 📣Продвигаю, обучаю, оформляю 🏆Партнёр онлайн школы 💰Научу зарабатывать с 0 Пиши⬇️ taplink.cc/alsuu.smm"
krisbashlaev|101 inlägg|885|6 077|########################
_muhaj|208 inlägg|402|348|Amir فَٱصْبِرْ صَبْرًۭا جَمِيلاً Ислам не может играть какую-то роль в жизни, когда сама жизнь - это и есть ислам.
uslncik|75 inlägg|551 följer|482 följare|########################
fond.me.morie|48 inlägg|1 550|467|########################
bdusamad.k|62 inlägg|768|735|########################
lexander.golyakov|17 inlägg|43|281|Маркетингом на абордаж! ⚓️ Рассказываю о маркетинге и Исламе! ⠀ Запускаю бизнес на айфонах с нуля. Кинули на 90к 💵 теперь выкручиваюсь! ⠀ Смотри мои сторис!Подписывайся! 👇👇👇 taplink.cc/alexander.golyakov
|12 inlägg|177|725|"Айша | Инфокопирайтер • С 14 лет занимаюсь писательством • Вдохновляю работать над собой и на себя"
zaira.gasanbekov|49 inlägg|4 278|825|########################
yb.ne|25 inlägg|209|1 738|Erbol Narimanov Kazakhstan🇰🇿 region 7182 a Stranger🌍🌎🌏 Muslim 18 y.o IT🎓 I can ride on a horse
ustam_alany|3 inlägg|72|1 707|RUSTAM ALANYA ✈️Третий год зимую в Алании 🌊Самые красивые места Средиземноморской Турции
ya_pavlovskaya_|46 inlägg|172|15,8t|"НАСТЯ |ЛИЧНЫЙ БРЕНД СО ВКУСОМ 💣 Раньше работала курьером, а сейчас создаю личные бренды ⠀ 🚀 Встаю в 5 и сворачиваю горы ⠀ 🚫 ОСТОРОЖНО: смотря мои сторис рискуешь стать блогером t.me/nastya5morning"
kante|1 inlägg|56|49|"КАНТИК | СЭНСЭЙ СТОРИС 🤩Живя в маленьком городе,стремлюсь к 🍋  🤭Раскрою секрет,как подружиться с аудиторией  🤯Покажу как куплю айфон 11 в 15 лет"
lub|219 inlägg|289|1 180|"УКРЕПЛЕНИЯ СЕРДЕЦ | قط ⠀ ▪️опросы на знания Ислама ⠀ ▪️ежедневные напоминания ⠀ ▪️группа вконтакте (+46к)⠀ ⠀ • подписывайся на наш телеграмм⤵️ t-do.ru/tsitsigclub"
keldinovn_|17 inlägg|99|106|NUR⚡️ Делаю таргет, а также, показываю способы зарабатывания денег 💵 ⠀ ▫️Интернет-магазин: @watchesess 💎 ⠀ ▫️Информативная страница 📖 taplink.cc/amankeldinovn_
ukrillo_sd|4 inlägg|44|263|Шукрилло Садридинов #ростовнадону bit.ly/2Wbkx5N
bat_abd|30 inlägg|19|29|TAIBAT ABDULLAEVA Чтение-штанга для ума!
fiyabintsalaf|17 inlägg|5|97|########################
dessu|138 inlägg|295|82|فإن مع العسر يسر пусть Аллах1 создаст барьер между тобой и твоей печалью подобно тому , как он создал барьер между двумя морями . t.me/falyaak
et_yk|2 inlägg|304|1 469|$LEW$ !!!A_N_A_N_I_M_Y_S!!! 🇧🇾Belarus Then🔋💣🏺 Посмотрим🚧🛑 docs.google.com/forms/d/1GMurYoA55W63n9OmUk20Cl3PTga-MRflz2d3MzdmGrk/edit
baevd|1 inlägg|213|164|Дима, про дизайн и блог Делаю сайты для блогеров и предпринимателей. Расскажу, как монетизировать свой личный бренд💰 ⠀ Портфолио 👇 www.behance.net/dbaevy885c
kate_isakova_|1 inlägg|108|39|Катя Исакова
khab_bovkaev|555 inlägg|973|12,5t|########################
eedy_f|192 inlägg|305|644|"БОЙЦОВАЯ |SHAMO| ORIGINAL| 🐓ПРОДАЖА ЭЛИТНОЙ ЧИСТОКРОВНОЙ БОЙЦОВОЙ ПТИЦЫ🔥 ❌ На бои птицу не продаём и боями не занимаемся 📍Наш Ютуб канал и what's аpp 👇 taplink.cc/tweedy_farm"
dr.tihonchuk|3 inlägg|35|66|АЛЕКСАНДР 🚀 СТОРИСМЕЙКЕР 📱Пока все смотрят инстаграм, я смотрю результаты клиентов...  🎯Бесплатно разберу твой профиль от А до Я  💸Иду к заработку 1000$ в месяц
dirasulov|52 inlägg|88 följer|67 följare|########################
liliya34518|70 inlägg|219|207|Читать-круто👍🏻 Развиваться-модно🔝 Книги,фильмы для ума,души, саморазвития и отдыха.🎬📚
__mad|141 inlägg|183 följer|581 följare|########################
uslimka_l|7 inlägg|91|51|ИСЛАМ - РЕЛИГИЯ СЧАСТЬЯ Мой путь в Ислам 🙏 Из христианки в мусульманку🌙
_umar_95|101 inlägg|947|491|########################
