###########################################################################################failkaaa|81 inlägg|87 följer|2 070 följare|"Фаиль | психолог Как спалить измену за пару секунд? Расскажу как читать людей по фото ⠀ Чек-лист «как найти себя?» в директ🚀"
failkaaa|81 inlägg|87 följer|2 070 följare|#####
rasulshaipov|8 inlägg|90|136|RASUL SHAIPOV 🌐 Основатель — @active_capital ®️ Разрабатываю логотипы ⠀ ⠀ 💲 Магазин одежды — @raitdream 👨🏼‍💻 Дизайнерская страница — @desiactive
nikoborn|99 inlägg|603|6 420|#####
ruschik98|20 inlägg|406|331|Русчик
as_medagov|20 inlägg|849|323|#####
ruslanovich.smm|5 inlägg|94|149|"SMM-ЩИК | ДОСТИГАТОР😎 Прохожу Тотальный Инстаграм 5.0 у Ахмада🔥 Показываю свой путь к достижению целей 🚀 Делюсь знаниями и опытом😉 Подпишись 👇🏼"
_theaki_|0 inlägg|206 följer|214 följare|Душу богу, честь никому☝🏻🕊 لَا إِلٰهَ إِلَّا الله مُحَمَّدٌ رَسُولُ الله
_theaki_|0 inlägg|206 följer|214 följare|#####
shuhrat_imomov|27 inlägg|604|1 420|#####
elvina.meno|47 inlägg|6|3 184|#####
edokrab|21 inlägg|53|627|Елдос - с клана таргетологов Хочу бросить музыку после 12 лет учебы Настраивал таргет на бизнес с оборотом 10🍋 Второе имя моего блога - искренность 👇 только для своих👇 t.me/edokrab
khuseyn___1|0 inlägg|35|24|Inga inlägg ännu
magomadov.blog|0 inlägg|178|32|Inga inlägg ännu
aiillbina_13|186 inlägg|304|375|#selfmade развитие
ibragim_xv|22 inlägg|45|2 882|ИБРАГИМ 🎙ДИКТОР в 14 не мог связать и слова работал на стройке ⠀ ⠀ в 17 стал диктором заработал более 300К 😱 ⠀ ⠀ сотрудничаю с гигантами в инсте Följs av makeev.blog
baranovart_|16 inlägg|10|1 125|#####
s_mansoooorr|10 inlägg|64|92|Мансур - человек-дизайн 🤑 Заработал 100+ тыс на сайтах 💊 Сайт не волшебная таблетка, но как минимум её 50%, а мой так все 80% 🔥 Расскажу как не сдаться и достигнуть желаемого
musk_shop_2607|19 inlägg|23|905|#####
art.samokhin|6 inlägg|127|637|Артем.Таргетолог 💻 За спиной 10 лет в театре, а пока...   создал себя заново и окунулся в маркетинг📱 Со мной твои подписчики станут клиентами 💸
rayysi|9 inlägg|48 följer|39 följare|#####
askhab_bovkaev|548 inlägg|968|11,8t|#####
rakhim_mirzakhmetov|6 inlägg|232 följer|281 följare|#####
kalyskan_tsh|55 inlägg|77|49|مجوادة Счастливая бабушка👧🏻👦🏻👦🏻👧🏻👶🏻👶🏻💓
dilya.fit|12 inlägg|401|315|"Диля | ФИТНЕС-ТРЕНЕР Победила анорексию 👊 ⠀ ⠀ ⠀ Работаю фитнес - тренером⠀ ⠀ ⠀ ⠀ Помогу тебе создать тело мечты ➡️ Пиши в direct"
dindar_tkv|3 inlägg|168|56|
meshkov_rm|7 inlägg|130|341|РОМА l🚀ЛИЧНЫЙ БРЕНД 🧠Помогу построить личный бренд и упаковать блог ⠀⠀⠀⠀⠀ 💸 Научу зарабатывать с блога Как? ⠀⠀⠀⠀⠀ 📄Читай посты и смотри сторис ⠀ ⬇️ПОЛЕЗНЫЕ МАТЕРИАЛЫ taplink.cc/meshkov_rm
isma.blog|42 inlägg|91|355|Исмаил Исмаилов ⠀ 🦅 Живу свободной жизнью⠀ 🏋️ Качаю тело, дух и разум⠀ Стараюсь произвести впечатление на СЕБЯ.
muslim.blog_|4 inlägg|20|51|#####
daniyal.kusherbaev|6 inlägg|46|62|"Таргетолог📈 | БИЗНЕС🖋 ■ Строю бизнес в провинции💱 ■ Сертифицированный специалист по таргетированной рекламе 💻 ■ Продвижение бизнесов и не только"
alexander.golyakov|16 inlägg|33|224|Маркетингом на абордаж! ⚓️ Рассказываю о маркетинге и Исламе! ⠀ Запускаю бизнес на айфонах с нуля. Кинули на 90к 💵 теперь выкручиваюсь! ⠀ Смотри мои сторис!Подписывайся! 👇👇👇 taplink.cc/alexander.golyakov
bri_not|714 inlägg|27|40,9t|#####
khasihanova|2 inlägg|37|95|Милана Из сериаломана и геймера в 👇🏻 ⠀ Целеустремлённого Читающего человека ⠀ Рвусь к свободной жизни 🌆
_happy_mom7|4 inlägg|71|10,1t|💮КУЛИНАРИЯ ///МАТЕРИНСТВО///УБОРКА🧹🪣 ➖ЧИТАЮ ИНОГДА 📚 ➖ЛЮБЛЮ ЧАИИ ГОНЯТЬ С МУЖЕМ ☕🍫 ➖ЕСТЬ ЕЩЁ ВОПРОСЫ? 😅 ➖НЕ ТЕРПЛЮ НЕГАТИВ🐍 ➖ЧТО Я ДЕЛАЮ? В БЛОК🚫🚫🚫
0smonbekov|8 inlägg|56 följer|118 följare|#####
